{"cameraMode":{"drawMode":0,"name":"Shaded","section":"Shading Mode"},"sceneLighting":true,"audioPlay":false,"sceneViewState":{"m_AlwaysRefresh":false,"showFog":true,"showSkybox":true,"showFlares":true,"showImageEffects":true,"showParticleSystems":true,"showVisualEffectGraphs":true,"m_FxEnabled":true},"in2DMode":false,"pivot":{"x":14.770710945129395,"y":0.8091818690299988,"z":3.125537872314453},"rotation":{"x":-0.11296199262142182,"y":-0.7716661095619202,"z":0.14306166768074037,"w":-0.6093398928642273},"size":2.0910866260528566,"orthographic":false}